ts	tag	phase	kind	source	chr21_rec	chr21_prec	chr22_rec	chr22_prec	pool_rec	pool_prec	accepted	note
2026-06-23T22:27:17Z	cal0	0	config	TIER1_COPYADD=2;TIER1_COPYBASE=6;TIER1_EXT_COPIES=2;TIER1_FMSCAN=1;TIER1_MIN_ARRAY_LEN=20;TIER1_MIN_COPIES=2;TIER1_MIN_SCORE=20;TIER1_SHORT_MIN_ARRAY_LEN=18;TIER1_SHORT_MIN_SCORE=18;TIER1_SHORT_PERIOD_MAX=4;TIER2_MISMATCH=0.25;TIER2_SHORT_REQ_COPIES=2;	62.93	59.68	65.03	64.95	64.01	62.37	accept	calibration_current_oppoint
2026-06-23T22:50:36Z	p1_fmdens45	1	config	TIER1_COPYADD=2;TIER1_COPYBASE=6;TIER1_EXT_COPIES=2;TIER1_FMSCAN=1;TIER1_FMSCAN_MIN_DENSITY=0.45;TIER1_FMSCAN_MIN_LLR=6.0;TIER1_MIN_ARRAY_LEN=20;TIER1_MIN_COPIES=2;TIER1_MIN_SCORE=20;TIER1_SHORT_MIN_ARRAY_LEN=18;TIER1_SHORT_MIN_SCORE=18;TIER1_SHORT_PERIOD_MAX=4;TIER2_MISMATCH=0.25;TIER2_SHORT_REQ_COPIES=2;	64.24	57.92	66.19	62.46	65.24	60.24	accept	TIER1_FMSCAN_MIN_DENSITY=0.45+TIER1_FMSCAN_MIN_LLR=6.0
2026-06-23T22:51:14Z	p1_stitch1	1	config	TIER1_COPYADD=2;TIER1_COPYBASE=6;TIER1_EXT_COPIES=2;TIER1_FMSCAN=1;TIER1_MIN_ARRAY_LEN=20;TIER1_MIN_COPIES=2;TIER1_MIN_SCORE=20;TIER1_SHORT_MIN_ARRAY_LEN=18;TIER1_SHORT_MIN_SCORE=18;TIER1_SHORT_PERIOD_MAX=4;TIER1_STITCH_GAP=1;TIER2_MISMATCH=0.25;TIER2_SHORT_REQ_COPIES=2;	62.96	59.71	65.05	64.96	64.03	62.38	reject	TIER1_STITCH_GAP=1
2026-06-23T22:53:15Z	p1_t2req1	1	config	TIER1_COPYADD=2;TIER1_COPYBASE=6;TIER1_EXT_COPIES=2;TIER1_FMSCAN=1;TIER1_MIN_ARRAY_LEN=20;TIER1_MIN_COPIES=2;TIER1_MIN_SCORE=20;TIER1_SHORT_MIN_ARRAY_LEN=18;TIER1_SHORT_MIN_SCORE=18;TIER1_SHORT_PERIOD_MAX=4;TIER2_MISMATCH=0.25;TIER2_SHORT_REQ_COPIES=1;	62.93	59.68	65.03	64.96	64.01	62.37	reject	TIER2_SHORT_REQ_COPIES=1
2026-06-23T22:53:55Z	p1_fmscan9	1	config	TIER1_COPYADD=2;TIER1_COPYBASE=6;TIER1_EXT_COPIES=2;TIER1_FMSCAN=1;TIER1_FMSCAN_MAX_P=9;TIER1_MIN_ARRAY_LEN=20;TIER1_MIN_COPIES=2;TIER1_MIN_SCORE=20;TIER1_SHORT_MIN_ARRAY_LEN=18;TIER1_SHORT_MIN_SCORE=18;TIER1_SHORT_PERIOD_MAX=4;TIER2_MISMATCH=0.25;TIER2_SHORT_REQ_COPIES=2;	62.94	59.69	65.04	64.99	64.02	62.39	reject	TIER1_FMSCAN_MAX_P=9
2026-06-23T22:55:11Z	p1_spm9l16	1	config	TIER1_COPYADD=2;TIER1_COPYBASE=6;TIER1_EXT_COPIES=2;TIER1_FMSCAN=1;TIER1_MIN_ARRAY_LEN=20;TIER1_MIN_COPIES=2;TIER1_MIN_SCORE=20;TIER1_SHORT_MIN_ARRAY_LEN=16;TIER1_SHORT_MIN_SCORE=16;TIER1_SHORT_PERIOD_MAX=9;TIER2_MISMATCH=0.25;TIER2_SHORT_REQ_COPIES=2;	71.68	44.52	74.01	50.19	72.88	47.38	reject	TIER1_SHORT_PERIOD_MAX=9+TIER1_SHORT_MIN_ARRAY_LEN=16+TIER1_SHORT_MIN_SCORE=16
2026-06-23T22:59:23Z	p1_t2mm30	1	config	TIER1_COPYADD=2;TIER1_COPYBASE=6;TIER1_EXT_COPIES=2;TIER1_FMSCAN=1;TIER1_MIN_ARRAY_LEN=20;TIER1_MIN_COPIES=2;TIER1_MIN_SCORE=20;TIER1_SHORT_MIN_ARRAY_LEN=18;TIER1_SHORT_MIN_SCORE=18;TIER1_SHORT_PERIOD_MAX=4;TIER2_MISMATCH=0.30;TIER2_SHORT_REQ_COPIES=2;	64.15	57.63	66.66	63.22	65.44	60.48	accept	TIER2_MISMATCH=0.30
2026-06-23T23:29:39Z	c_AB_spm6f18	1	config	TIER1_COPYADD=2;TIER1_COPYBASE=6;TIER1_EXT_COPIES=2;TIER1_FMSCAN=1;TIER1_FMSCAN_MIN_DENSITY=0.45;TIER1_FMSCAN_MIN_LLR=6.0;TIER1_MIN_ARRAY_LEN=20;TIER1_MIN_COPIES=2;TIER1_MIN_SCORE=20;TIER1_SHORT_MIN_ARRAY_LEN=18;TIER1_SHORT_MIN_SCORE=18;TIER1_SHORT_PERIOD_MAX=6;TIER2_MISMATCH=0.30;TIER2_SHORT_REQ_COPIES=2;	66.88	55.16	69.24	59.97	68.09	57.62	reject	TIER1_FMSCAN_MIN_DENSITY=0.45+TIER1_FMSCAN_MIN_LLR=6.0+TIER2_MISMATCH=0.30+TIER1_SHORT_PERIOD_MAX=6
2026-06-23T23:33:10Z	c_AB	1	config	TIER1_COPYADD=2;TIER1_COPYBASE=6;TIER1_EXT_COPIES=2;TIER1_FMSCAN=1;TIER1_FMSCAN_MIN_DENSITY=0.45;TIER1_FMSCAN_MIN_LLR=6.0;TIER1_MIN_ARRAY_LEN=20;TIER1_MIN_COPIES=2;TIER1_MIN_SCORE=20;TIER1_SHORT_MIN_ARRAY_LEN=18;TIER1_SHORT_MIN_SCORE=18;TIER1_SHORT_PERIOD_MAX=4;TIER2_MISMATCH=0.30;TIER2_SHORT_REQ_COPIES=2;	65.42	56.10	67.71	60.98	66.59	58.59	reject	TIER1_FMSCAN_MIN_DENSITY=0.45+TIER1_FMSCAN_MIN_LLR=6.0+TIER2_MISMATCH=0.30
2026-06-23T23:33:33Z	c_AB_spm9f17	1	config	TIER1_COPYADD=2;TIER1_COPYBASE=6;TIER1_EXT_COPIES=2;TIER1_FMSCAN=1;TIER1_FMSCAN_MIN_DENSITY=0.45;TIER1_FMSCAN_MIN_LLR=6.0;TIER1_MIN_ARRAY_LEN=20;TIER1_MIN_COPIES=2;TIER1_MIN_SCORE=20;TIER1_SHORT_MIN_ARRAY_LEN=17;TIER1_SHORT_MIN_SCORE=17;TIER1_SHORT_PERIOD_MAX=9;TIER2_MISMATCH=0.30;TIER2_SHORT_REQ_COPIES=2;	68.68	52.36	71.11	57.23	69.93	54.85	reject	TIER1_FMSCAN_MIN_DENSITY=0.45+TIER1_FMSCAN_MIN_LLR=6.0+TIER2_MISMATCH=0.30+TIER1_SHORT_PERIOD_MAX=9+TIER1_SHORT_MIN_ARRAY_LEN=17+TIER1_SHORT_MIN_SCORE=17
2026-06-23T23:33:36Z	c_AB_spm9f18	1	config	TIER1_COPYADD=2;TIER1_COPYBASE=6;TIER1_EXT_COPIES=2;TIER1_FMSCAN=1;TIER1_FMSCAN_MIN_DENSITY=0.45;TIER1_FMSCAN_MIN_LLR=6.0;TIER1_MIN_ARRAY_LEN=20;TIER1_MIN_COPIES=2;TIER1_MIN_SCORE=20;TIER1_SHORT_MIN_ARRAY_LEN=18;TIER1_SHORT_MIN_SCORE=18;TIER1_SHORT_PERIOD_MAX=9;TIER2_MISMATCH=0.30;TIER2_SHORT_REQ_COPIES=2;	67.36	54.05	69.80	58.93	68.61	56.54	reject	TIER1_FMSCAN_MIN_DENSITY=0.45+TIER1_FMSCAN_MIN_LLR=6.0+TIER2_MISMATCH=0.30+TIER1_SHORT_PERIOD_MAX=9
2026-06-23T23:35:09Z	c_AB_spm6f16	1	config	TIER1_COPYADD=2;TIER1_COPYBASE=6;TIER1_EXT_COPIES=2;TIER1_FMSCAN=1;TIER1_FMSCAN_MIN_DENSITY=0.45;TIER1_FMSCAN_MIN_LLR=6.0;TIER1_MIN_ARRAY_LEN=20;TIER1_MIN_COPIES=2;TIER1_MIN_SCORE=20;TIER1_SHORT_MIN_ARRAY_LEN=16;TIER1_SHORT_MIN_SCORE=16;TIER1_SHORT_PERIOD_MAX=6;TIER2_MISMATCH=0.30;TIER2_SHORT_REQ_COPIES=2;	72.49	44.66	74.77	50.00	73.66	47.36	reject	TIER1_FMSCAN_MIN_DENSITY=0.45+TIER1_FMSCAN_MIN_LLR=6.0+TIER2_MISMATCH=0.30+TIER1_SHORT_PERIOD_MAX=6+TIER1_SHORT_MIN_ARRAY_LEN=16+TIER1_SHORT_MIN_SCORE=16
2026-06-24T00:53:25Z	c_seed78	2	code	TIER1_COPYADD=2;TIER1_COPYBASE=6;TIER1_EXT_COPIES=2;TIER1_FMSCAN=1;TIER1_MIN_ARRAY_LEN=20;TIER1_MIN_COPIES=2;TIER1_MIN_SCORE=20;TIER1_SHORT_MIN_ARRAY_LEN=18;TIER1_SHORT_MIN_SCORE=18;TIER1_SHORT_PERIOD_MAX=4;TIER2_APPROX_SEED=1;TIER2_MISMATCH=0.30;TIER2_SHORT_REQ_COPIES=2;	64.15	57.48	66.65	63.12	65.43	60.36	reject	TIER2_APPROX_SEED=1
2026-06-24T00:53:26Z	c_seed72	2	code	TIER1_COPYADD=2;TIER1_COPYBASE=6;TIER1_EXT_COPIES=2;TIER1_FMSCAN=1;TIER1_MIN_ARRAY_LEN=20;TIER1_MIN_COPIES=2;TIER1_MIN_SCORE=20;TIER1_SHORT_MIN_ARRAY_LEN=18;TIER1_SHORT_MIN_SCORE=18;TIER1_SHORT_PERIOD_MAX=4;TIER2_APPROX_MIN_IDENTITY=0.72;TIER2_APPROX_SEED=1;TIER2_MISMATCH=0.30;TIER2_SHORT_REQ_COPIES=2;	64.18	57.36	66.67	62.95	65.46	60.21	reject	TIER2_APPROX_SEED=1
2026-06-25T03:41:13Z	a_spm9f17g16	3	config	TIER1_COPYADD=2;TIER1_COPYBASE=6;TIER1_EXT_COPIES=2;TIER1_FMSCAN=1;TIER1_FMSCAN_MIN_DENSITY=0.45;TIER1_FMSCAN_MIN_LLR=6.0;TIER1_MIN_ARRAY_LEN=16;TIER1_MIN_COPIES=2;TIER1_MIN_SCORE=16;TIER1_SHORT_MIN_ARRAY_LEN=17;TIER1_SHORT_MIN_SCORE=17;TIER1_SHORT_PERIOD_MAX=9;TIER2_MISMATCH=0.30;TIER2_SHORT_REQ_COPIES=2;	68.69	52.36	71.11	57.23	69.93	54.85	accept	TIER1_SHORT_PERIOD_MAX=9+TIER1_SHORT_MIN_ARRAY_LEN=17+TIER1_SHORT_MIN_SCORE=17+TIER1_MIN_ARRAY_LEN=16+TIER1_MIN_SCORE=16
2026-06-25T03:41:33Z	a_spm9f17	3	config	TIER1_COPYADD=2;TIER1_COPYBASE=6;TIER1_EXT_COPIES=2;TIER1_FMSCAN=1;TIER1_FMSCAN_MIN_DENSITY=0.45;TIER1_FMSCAN_MIN_LLR=6.0;TIER1_MIN_ARRAY_LEN=20;TIER1_MIN_COPIES=2;TIER1_MIN_SCORE=20;TIER1_SHORT_MIN_ARRAY_LEN=17;TIER1_SHORT_MIN_SCORE=17;TIER1_SHORT_PERIOD_MAX=9;TIER2_MISMATCH=0.30;TIER2_SHORT_REQ_COPIES=2;	68.69	52.36	71.11	57.23	69.93	54.85	accept	TIER1_SHORT_PERIOD_MAX=9+TIER1_SHORT_MIN_ARRAY_LEN=17+TIER1_SHORT_MIN_SCORE=17
2026-06-25T03:41:43Z	a_fmaggr	3	config	TIER1_COPYADD=2;TIER1_COPYBASE=6;TIER1_EXT_COPIES=2;TIER1_FMSCAN=1;TIER1_FMSCAN_MIN_DENSITY=0.40;TIER1_FMSCAN_MIN_LLR=5.0;TIER1_MIN_ARRAY_LEN=20;TIER1_MIN_COPIES=2;TIER1_MIN_SCORE=20;TIER1_SHORT_MIN_ARRAY_LEN=17;TIER1_SHORT_MIN_SCORE=17;TIER1_SHORT_PERIOD_MAX=9;TIER2_MISMATCH=0.30;TIER2_SHORT_REQ_COPIES=2;	69.24	50.99	71.45	55.76	70.37	53.42	reject	TIER1_SHORT_PERIOD_MAX=9+TIER1_SHORT_MIN_ARRAY_LEN=17+TIER1_SHORT_MIN_SCORE=17+TIER1_FMSCAN_MIN_DENSITY=0.40+TIER1_FMSCAN_MIN_LLR=5.0
2026-06-25T03:43:10Z	a_spm9f16	3	config	TIER1_COPYADD=2;TIER1_COPYBASE=6;TIER1_EXT_COPIES=2;TIER1_FMSCAN=1;TIER1_FMSCAN_MIN_DENSITY=0.45;TIER1_FMSCAN_MIN_LLR=6.0;TIER1_MIN_ARRAY_LEN=20;TIER1_MIN_COPIES=2;TIER1_MIN_SCORE=20;TIER1_SHORT_MIN_ARRAY_LEN=16;TIER1_SHORT_MIN_SCORE=16;TIER1_SHORT_PERIOD_MAX=9;TIER2_MISMATCH=0.30;TIER2_SHORT_REQ_COPIES=2;	73.43	43.27	75.76	48.64	74.63	45.98	reject	TIER1_SHORT_PERIOD_MAX=9+TIER1_SHORT_MIN_ARRAY_LEN=16+TIER1_SHORT_MIN_SCORE=16
2026-06-25T03:43:54Z	a_spm9f15	3	config	TIER1_COPYADD=2;TIER1_COPYBASE=6;TIER1_EXT_COPIES=2;TIER1_FMSCAN=1;TIER1_FMSCAN_MIN_DENSITY=0.45;TIER1_FMSCAN_MIN_LLR=6.0;TIER1_MIN_ARRAY_LEN=20;TIER1_MIN_COPIES=2;TIER1_MIN_SCORE=20;TIER1_SHORT_MIN_ARRAY_LEN=15;TIER1_SHORT_MIN_SCORE=15;TIER1_SHORT_PERIOD_MAX=9;TIER2_MISMATCH=0.30;TIER2_SHORT_REQ_COPIES=2;	76.92	38.02	79.08	43.58	78.03	40.81	reject	TIER1_SHORT_PERIOD_MAX=9+TIER1_SHORT_MIN_ARRAY_LEN=15+TIER1_SHORT_MIN_SCORE=15
2026-06-25T04:23:02Z	c_catch68	3	code	TIER1_COPYADD=2;TIER1_COPYBASE=6;TIER1_EXT_COPIES=2;TIER1_FMSCAN=1;TIER1_FMSCAN_MIN_DENSITY=0.45;TIER1_FMSCAN_MIN_LLR=6.0;TIER1_MIN_ARRAY_LEN=20;TIER1_MIN_COPIES=2;TIER1_MIN_SCORE=20;TIER1_SHORT_MIN_ARRAY_LEN=17;TIER1_SHORT_MIN_SCORE=17;TIER1_SHORT_PERIOD_MAX=9;TIER2_MISMATCH=0.30;TIER2_SHORT_REQ_COPIES=2;	85.60	42.94	86.27	48.08	85.94	45.52	near/reject	catchall_id0.68
2026-06-25T04:23:03Z	c_catch72	3	code	TIER1_COPYADD=2;TIER1_COPYBASE=6;TIER1_EXT_COPIES=2;TIER1_FMSCAN=1;TIER1_FMSCAN_MIN_DENSITY=0.45;TIER1_FMSCAN_MIN_LLR=6.0;TIER1_MIN_ARRAY_LEN=20;TIER1_MIN_COPIES=2;TIER1_MIN_SCORE=20;TIER1_SHORT_MIN_ARRAY_LEN=17;TIER1_SHORT_MIN_SCORE=17;TIER1_SHORT_PERIOD_MAX=9;TIER2_MISMATCH=0.30;TIER2_SHORT_REQ_COPIES=2;	83.57	47.60	84.50	52.34	84.05	50.01	near/reject	catchall_id0.72
2026-06-25T04:23:20Z	c_catch78	3	code	TIER1_COPYADD=2;TIER1_COPYBASE=6;TIER1_EXT_COPIES=2;TIER1_FMSCAN=1;TIER1_FMSCAN_MIN_DENSITY=0.45;TIER1_FMSCAN_MIN_LLR=6.0;TIER1_MIN_ARRAY_LEN=20;TIER1_MIN_COPIES=2;TIER1_MIN_SCORE=20;TIER1_SHORT_MIN_ARRAY_LEN=17;TIER1_SHORT_MIN_SCORE=17;TIER1_SHORT_PERIOD_MAX=9;TIER2_MISMATCH=0.30;TIER2_SHORT_REQ_COPIES=2;	75.13	51.55	77.70	55.83	76.45	53.76	near/reject	catchall_id0.78
2026-06-25T04:58:31Z	c_id77	3	code	TIER1_COPYADD=2;TIER1_COPYBASE=6;TIER1_EXT_COPIES=2;TIER1_FMSCAN=1;TIER1_FMSCAN_MIN_DENSITY=0.45;TIER1_FMSCAN_MIN_LLR=6.0;TIER1_MIN_ARRAY_LEN=20;TIER1_MIN_COPIES=2;TIER1_MIN_SCORE=20;TIER1_SHORT_MIN_ARRAY_LEN=17;TIER1_SHORT_MIN_SCORE=17;TIER1_SHORT_PERIOD_MAX=9;TIER2_MISMATCH=0.30;TIER2_SHORT_REQ_COPIES=2;	75.42	51.42	77.97	55.74	76.73	53.65	near	CATCHALL_MIN_IDENTITY=0.77
2026-06-25T04:58:35Z	c_id74l30	3	code	TIER1_COPYADD=2;TIER1_COPYBASE=6;TIER1_EXT_COPIES=2;TIER1_FMSCAN=1;TIER1_FMSCAN_MIN_DENSITY=0.45;TIER1_FMSCAN_MIN_LLR=6.0;TIER1_MIN_ARRAY_LEN=20;TIER1_MIN_COPIES=2;TIER1_MIN_SCORE=20;TIER1_SHORT_MIN_ARRAY_LEN=17;TIER1_SHORT_MIN_SCORE=17;TIER1_SHORT_PERIOD_MAX=9;TIER2_MISMATCH=0.30;TIER2_SHORT_REQ_COPIES=2;	70.79	52.66	73.35	57.49	72.10	55.13	accept	CATCHALL_MIN_IDENTITY=0.74+CATCHALL_MIN_LEN=30
2026-06-25T04:58:38Z	c_id76	3	code	TIER1_COPYADD=2;TIER1_COPYBASE=6;TIER1_EXT_COPIES=2;TIER1_FMSCAN=1;TIER1_FMSCAN_MIN_DENSITY=0.45;TIER1_FMSCAN_MIN_LLR=6.0;TIER1_MIN_ARRAY_LEN=20;TIER1_MIN_COPIES=2;TIER1_MIN_SCORE=20;TIER1_SHORT_MIN_ARRAY_LEN=17;TIER1_SHORT_MIN_SCORE=17;TIER1_SHORT_PERIOD_MAX=9;TIER2_MISMATCH=0.30;TIER2_SHORT_REQ_COPIES=2;	75.55	51.46	78.07	55.76	76.84	53.68	near	CATCHALL_MIN_IDENTITY=0.76
2026-06-25T04:58:47Z	c_id76l28	3	code	TIER1_COPYADD=2;TIER1_COPYBASE=6;TIER1_EXT_COPIES=2;TIER1_FMSCAN=1;TIER1_FMSCAN_MIN_DENSITY=0.45;TIER1_FMSCAN_MIN_LLR=6.0;TIER1_MIN_ARRAY_LEN=20;TIER1_MIN_COPIES=2;TIER1_MIN_SCORE=20;TIER1_SHORT_MIN_ARRAY_LEN=17;TIER1_SHORT_MIN_SCORE=17;TIER1_SHORT_PERIOD_MAX=9;TIER2_MISMATCH=0.30;TIER2_SHORT_REQ_COPIES=2;	70.17	52.65	72.64	57.50	71.44	55.12	accept	CATCHALL_MIN_IDENTITY=0.76+CATCHALL_MIN_LEN=28
2026-06-25T04:59:16Z	c_id76p50	3	code	TIER1_COPYADD=2;TIER1_COPYBASE=6;TIER1_EXT_COPIES=2;TIER1_FMSCAN=1;TIER1_FMSCAN_MIN_DENSITY=0.45;TIER1_FMSCAN_MIN_LLR=6.0;TIER1_MIN_ARRAY_LEN=20;TIER1_MIN_COPIES=2;TIER1_MIN_SCORE=20;TIER1_SHORT_MIN_ARRAY_LEN=17;TIER1_SHORT_MIN_SCORE=17;TIER1_SHORT_PERIOD_MAX=9;TIER2_MISMATCH=0.30;TIER2_SHORT_REQ_COPIES=2;	75.60	51.52	78.14	55.74	76.91	53.70	near	CATCHALL_MIN_IDENTITY=0.76+CATCHALL_MAX_P=50
2026-06-25T19:10:41Z	f_ent08cp3	4	code	TIER1_COPYADD=2;TIER1_COPYBASE=6;TIER1_EXT_COPIES=2;TIER1_FMSCAN=1;TIER1_FMSCAN_MIN_DENSITY=0.45;TIER1_FMSCAN_MIN_LLR=6.0;TIER1_MIN_ARRAY_LEN=20;TIER1_MIN_COPIES=2;TIER1_MIN_SCORE=20;TIER1_SHORT_MIN_ARRAY_LEN=17;TIER1_SHORT_MIN_SCORE=17;TIER1_SHORT_PERIOD_MAX=9;TIER2_MISMATCH=0.30;TIER2_SHORT_REQ_COPIES=2;	82.00	49.34	83.17	53.66	82.60	51.55	pending	CATCHALL_MIN_ENTROPY=0.8+CATCHALL_MIN_COPIES=3
2026-06-25T19:10:44Z	f_base	4	code	TIER1_COPYADD=2;TIER1_COPYBASE=6;TIER1_EXT_COPIES=2;TIER1_FMSCAN=1;TIER1_FMSCAN_MIN_DENSITY=0.45;TIER1_FMSCAN_MIN_LLR=6.0;TIER1_MIN_ARRAY_LEN=20;TIER1_MIN_COPIES=2;TIER1_MIN_SCORE=20;TIER1_SHORT_MIN_ARRAY_LEN=17;TIER1_SHORT_MIN_SCORE=17;TIER1_SHORT_PERIOD_MAX=9;TIER2_MISMATCH=0.30;TIER2_SHORT_REQ_COPIES=2;	83.58	47.60	84.50	52.34	84.05	50.00	pending	CATCHALL_MIN_COPIES=2
2026-06-25T19:10:45Z	f_ent06	4	code	TIER1_COPYADD=2;TIER1_COPYBASE=6;TIER1_EXT_COPIES=2;TIER1_FMSCAN=1;TIER1_FMSCAN_MIN_DENSITY=0.45;TIER1_FMSCAN_MIN_LLR=6.0;TIER1_MIN_ARRAY_LEN=20;TIER1_MIN_COPIES=2;TIER1_MIN_SCORE=20;TIER1_SHORT_MIN_ARRAY_LEN=17;TIER1_SHORT_MIN_SCORE=17;TIER1_SHORT_PERIOD_MAX=9;TIER2_MISMATCH=0.30;TIER2_SHORT_REQ_COPIES=2;	83.57	47.60	84.49	52.33	84.04	50.00	pending	CATCHALL_MIN_ENTROPY=0.6
2026-06-25T19:10:46Z	f_ent08	4	code	TIER1_COPYADD=2;TIER1_COPYBASE=6;TIER1_EXT_COPIES=2;TIER1_FMSCAN=1;TIER1_FMSCAN_MIN_DENSITY=0.45;TIER1_FMSCAN_MIN_LLR=6.0;TIER1_MIN_ARRAY_LEN=20;TIER1_MIN_COPIES=2;TIER1_MIN_SCORE=20;TIER1_SHORT_MIN_ARRAY_LEN=17;TIER1_SHORT_MIN_SCORE=17;TIER1_SHORT_PERIOD_MAX=9;TIER2_MISMATCH=0.30;TIER2_SHORT_REQ_COPIES=2;	83.51	47.60	84.39	52.32	83.96	50.00	pending	CATCHALL_MIN_ENTROPY=0.8
2026-06-25T19:11:05Z	f_ent10	4	code	TIER1_COPYADD=2;TIER1_COPYBASE=6;TIER1_EXT_COPIES=2;TIER1_FMSCAN=1;TIER1_FMSCAN_MIN_DENSITY=0.45;TIER1_FMSCAN_MIN_LLR=6.0;TIER1_MIN_ARRAY_LEN=20;TIER1_MIN_COPIES=2;TIER1_MIN_SCORE=20;TIER1_SHORT_MIN_ARRAY_LEN=17;TIER1_SHORT_MIN_SCORE=17;TIER1_SHORT_PERIOD_MAX=9;TIER2_MISMATCH=0.30;TIER2_SHORT_REQ_COPIES=2;	82.30	47.65	83.35	52.44	82.84	50.08	pending	CATCHALL_MIN_ENTROPY=1.0
2026-06-25T19:11:08Z	f_cp3	4	code	TIER1_COPYADD=2;TIER1_COPYBASE=6;TIER1_EXT_COPIES=2;TIER1_FMSCAN=1;TIER1_FMSCAN_MIN_DENSITY=0.45;TIER1_FMSCAN_MIN_LLR=6.0;TIER1_MIN_ARRAY_LEN=20;TIER1_MIN_COPIES=2;TIER1_MIN_SCORE=20;TIER1_SHORT_MIN_ARRAY_LEN=17;TIER1_SHORT_MIN_SCORE=17;TIER1_SHORT_PERIOD_MAX=9;TIER2_MISMATCH=0.30;TIER2_SHORT_REQ_COPIES=2;	82.11	49.34	83.33	53.69	82.73	51.57	pending	CATCHALL_MIN_COPIES=3
2026-07-06T00:35:13Z	x_ex55cp3	5	code	TIER1_COPYADD=2;TIER1_COPYBASE=6;TIER1_EXT_COPIES=2;TIER1_FMSCAN=1;TIER1_FMSCAN_MIN_DENSITY=0.45;TIER1_FMSCAN_MIN_LLR=6.0;TIER1_MIN_ARRAY_LEN=20;TIER1_MIN_COPIES=2;TIER1_MIN_SCORE=20;TIER1_SHORT_MIN_ARRAY_LEN=17;TIER1_SHORT_MIN_SCORE=17;TIER1_SHORT_PERIOD_MAX=9;TIER2_MISMATCH=0.30;TIER2_SHORT_REQ_COPIES=2;	81.49	49.47	82.80	53.79	82.16	51.68	pending	excess0.55+copies3
2026-07-06T00:40:37Z	x_cp3	5	code	TIER1_COPYADD=2;TIER1_COPYBASE=6;TIER1_EXT_COPIES=2;TIER1_FMSCAN=1;TIER1_FMSCAN_MIN_DENSITY=0.45;TIER1_FMSCAN_MIN_LLR=6.0;TIER1_MIN_ARRAY_LEN=20;TIER1_MIN_COPIES=2;TIER1_MIN_SCORE=20;TIER1_SHORT_MIN_ARRAY_LEN=17;TIER1_SHORT_MIN_SCORE=17;TIER1_SHORT_PERIOD_MAX=9;TIER2_MISMATCH=0.30;TIER2_SHORT_REQ_COPIES=2;	82.11	49.34	83.33	53.69	82.73	51.57	pending	samecode_ref_copies3
2026-07-06T00:40:38Z	x_ex45	5	code	TIER1_COPYADD=2;TIER1_COPYBASE=6;TIER1_EXT_COPIES=2;TIER1_FMSCAN=1;TIER1_FMSCAN_MIN_DENSITY=0.45;TIER1_FMSCAN_MIN_LLR=6.0;TIER1_MIN_ARRAY_LEN=20;TIER1_MIN_COPIES=2;TIER1_MIN_SCORE=20;TIER1_SHORT_MIN_ARRAY_LEN=17;TIER1_SHORT_MIN_SCORE=17;TIER1_SHORT_PERIOD_MAX=9;TIER2_MISMATCH=0.30;TIER2_SHORT_REQ_COPIES=2;	83.33	47.76	84.27	52.42	83.81	50.13	pending	excess0.45
2026-07-06T00:40:39Z	x_base	5	code	TIER1_COPYADD=2;TIER1_COPYBASE=6;TIER1_EXT_COPIES=2;TIER1_FMSCAN=1;TIER1_FMSCAN_MIN_DENSITY=0.45;TIER1_FMSCAN_MIN_LLR=6.0;TIER1_MIN_ARRAY_LEN=20;TIER1_MIN_COPIES=2;TIER1_MIN_SCORE=20;TIER1_SHORT_MIN_ARRAY_LEN=17;TIER1_SHORT_MIN_SCORE=17;TIER1_SHORT_PERIOD_MAX=9;TIER2_MISMATCH=0.30;TIER2_SHORT_REQ_COPIES=2;	83.57	47.60	84.50	52.34	84.05	50.01	pending	samecode_ref_nofilter
2026-07-06T00:40:42Z	x_ex55	5	code	TIER1_COPYADD=2;TIER1_COPYBASE=6;TIER1_EXT_COPIES=2;TIER1_FMSCAN=1;TIER1_FMSCAN_MIN_DENSITY=0.45;TIER1_FMSCAN_MIN_LLR=6.0;TIER1_MIN_ARRAY_LEN=20;TIER1_MIN_COPIES=2;TIER1_MIN_SCORE=20;TIER1_SHORT_MIN_ARRAY_LEN=17;TIER1_SHORT_MIN_SCORE=17;TIER1_SHORT_PERIOD_MAX=9;TIER2_MISMATCH=0.30;TIER2_SHORT_REQ_COPIES=2;	82.56	48.24	83.71	52.82	83.15	50.58	pending	excess0.55
2026-07-06T00:40:53Z	x_ex65	5	code	TIER1_COPYADD=2;TIER1_COPYBASE=6;TIER1_EXT_COPIES=2;TIER1_FMSCAN=1;TIER1_FMSCAN_MIN_DENSITY=0.45;TIER1_FMSCAN_MIN_LLR=6.0;TIER1_MIN_ARRAY_LEN=20;TIER1_MIN_COPIES=2;TIER1_MIN_SCORE=20;TIER1_SHORT_MIN_ARRAY_LEN=17;TIER1_SHORT_MIN_SCORE=17;TIER1_SHORT_PERIOD_MAX=9;TIER2_MISMATCH=0.30;TIER2_SHORT_REQ_COPIES=2;	80.75	49.41	82.37	53.77	81.58	51.64	pending	excess0.65
2026-08-06T06:10:43Z	fsw_068	F	config	TIER1_COPYADD=2;TIER1_COPYBASE=6;TIER1_EXT_COPIES=2;TIER1_FMSCAN=1;TIER1_FMSCAN_MIN_DENSITY=0.45;TIER1_FMSCAN_MIN_LLR=6.0;TIER1_MIN_ARRAY_LEN=20;TIER1_MIN_COPIES=2;TIER1_MIN_SCORE=20;TIER1_SHORT_MIN_ARRAY_LEN=17;TIER1_SHORT_MIN_SCORE=17;TIER1_SHORT_PERIOD_MAX=9;TIER2_MISMATCH=0.30;TIER2_SHORT_REQ_COPIES=2;	82.71	48.31	83.89	52.95	83.32	50.68	pending	F-proxy single-knob identity sweep, ident=0.68
2026-08-06T06:12:05Z	fsw_off	F	config	TIER1_COPYADD=2;TIER1_COPYBASE=6;TIER1_EXT_COPIES=2;TIER1_FMSCAN=1;TIER1_FMSCAN_MIN_DENSITY=0.45;TIER1_FMSCAN_MIN_LLR=6.0;TIER1_MIN_ARRAY_LEN=20;TIER1_MIN_COPIES=2;TIER1_MIN_SCORE=20;TIER1_SHORT_MIN_ARRAY_LEN=17;TIER1_SHORT_MIN_SCORE=17;TIER1_SHORT_PERIOD_MAX=9;TIER2_MISMATCH=0.30;TIER2_SHORT_REQ_COPIES=2;	68.46	52.84	70.92	57.74	69.72	55.35	pending	F-proxy single-knob identity sweep, ident=off
2026-08-06T06:12:36Z	fsw_072	F	config	TIER1_COPYADD=2;TIER1_COPYBASE=6;TIER1_EXT_COPIES=2;TIER1_FMSCAN=1;TIER1_FMSCAN_MIN_DENSITY=0.45;TIER1_FMSCAN_MIN_LLR=6.0;TIER1_MIN_ARRAY_LEN=20;TIER1_MIN_COPIES=2;TIER1_MIN_SCORE=20;TIER1_SHORT_MIN_ARRAY_LEN=17;TIER1_SHORT_MIN_SCORE=17;TIER1_SHORT_PERIOD_MAX=9;TIER2_MISMATCH=0.30;TIER2_SHORT_REQ_COPIES=2;	81.95	49.73	83.19	54.09	82.59	51.96	pending	F-proxy single-knob identity sweep, ident=0.72
2026-08-06T06:12:39Z	fsw_076	F	config	TIER1_COPYADD=2;TIER1_COPYBASE=6;TIER1_EXT_COPIES=2;TIER1_FMSCAN=1;TIER1_FMSCAN_MIN_DENSITY=0.45;TIER1_FMSCAN_MIN_LLR=6.0;TIER1_MIN_ARRAY_LEN=20;TIER1_MIN_COPIES=2;TIER1_MIN_SCORE=20;TIER1_SHORT_MIN_ARRAY_LEN=17;TIER1_SHORT_MIN_SCORE=17;TIER1_SHORT_PERIOD_MAX=9;TIER2_MISMATCH=0.30;TIER2_SHORT_REQ_COPIES=2;	74.38	52.04	77.04	56.26	75.74	54.22	pending	F-proxy single-knob identity sweep, ident=0.76
2026-08-06T06:12:44Z	fsw_080	F	config	TIER1_COPYADD=2;TIER1_COPYBASE=6;TIER1_EXT_COPIES=2;TIER1_FMSCAN=1;TIER1_FMSCAN_MIN_DENSITY=0.45;TIER1_FMSCAN_MIN_LLR=6.0;TIER1_MIN_ARRAY_LEN=20;TIER1_MIN_COPIES=2;TIER1_MIN_SCORE=20;TIER1_SHORT_MIN_ARRAY_LEN=17;TIER1_SHORT_MIN_SCORE=17;TIER1_SHORT_PERIOD_MAX=9;TIER2_MISMATCH=0.30;TIER2_SHORT_REQ_COPIES=2;	74.17	52.04	76.89	56.26	75.56	54.22	pending	F-proxy single-knob identity sweep, ident=0.80
