sample_id	verdict	note				
S001	UNSURE				SUPPORTED / UNSUPPORTED / UNSURE)	
S002	UNSURE					
S003	UNSURE					
S004	UNSUPPORTED					UNSURE
S005	UNSURE					
S006	UNSUPPORTED					
S007	UNSUPPORTED					
S008	UNSUPPORTED					
S009	UNSUPPORTED					
S010	UNSUPPORTED					
S011	UNSUPPORTED					
S012	UNSURE					
S013	UNSUPPORTED					
S014	UNSUPPORTED					
S015	UNSUPPORTED					
S016	UNSUPPORTED					
S017	UNSUPPORTED					
S018	UNSUPPORTED					
S019	UNSUPPORTED					
S020	UNSURE					
S021	UNSURE					
S022	UNSURE					
S023	UNSURE					
S024	UNSURE					
S025	UNSUPPORTED					
S026	UNSUPPORTED					
S027	UNSUPPORTED					
S028	UNSUPPORTED					
S029	UNSURE					
S030	UNSUPPORTED					
S031	UNSUPPORTED					
S032	UNSUPPORTED					
S033	UNSURE					
S034	UNSUPPORTED					
S035	SUPPORTED					
S036	UNSUPPORTED					
S037	UNSURE					
S038	UNSUPPORTED					
S039	UNSUPPORTED					
S040	UNSURE					
S041	UNSUPPORTED					
S042	UNSURE					
S043	UNSURE					
S044	UNSUPPORTED					
S045	UNSUPPORTED					
S046	UNSUPPORTED					
S047	UNSURE					
S048	UNSURE					
S049	UNSUPPORTED					
S050	UNSUPPORTED					
S051	UNSURE					
S052	UNSUPPORTED					
S053	UNSUPPORTED					
S054	UNSUPPORTED					
S055	UNSUPPORTED					
S056	UNSUPPORTED					
S057	UNSUPPORTED					
S058	UNSUPPORTED					
S059	UNSUPPORTED					
S060	UNSUPPORTED					
S061	UNSUPPORTED					
S062	UNSUPPORTED					
S063	UNSURE					
S064	UNSUPPORTED					
S065	UNSURE					
S066	UNSURE					
S067	UNSURE					
S068	UNSUPPORTED					
S069	UNSUPPORTED					
S070	UNSURE					
S071	UNSUPPORTED					
S072	UNSURE					
S073	UNSUPPORTED					
S074	UNSUPPORTED					
S075	UNSUPPORTED					
S076	UNSUPPORTED					
S077	UNSUPPORTED					
S078	UNSUPPORTED					
S079	UNSURE					
S080	UNSUPPORTED					
S081	UNSURE					
S082	UNSUPPORTED					
S083	UNSURE					
S084	UNSUPPORTED					
S085	UNSUPPORTED					
S086	UNSUPPORTED					
S087	UNSUPPORTED					
S088	UNSUPPORTED					
S089	UNSUPPORTED					
S090	UNSUPPORTED					
S091	UNSUPPORTED					
S092	UNSUPPORTED					
S093	UNSUPPORTED					
S094	UNSUPPORTED					
S095	UNSUPPORTED					
S096	UNSUPPORTED					
S097	UNSUPPORTED					
S098	UNSUPPORTED					
S099	UNSUPPORTED					
S100	UNSUPPORTED					
S101	UNSUPPORTED					
S102	UNSUPPORTED					
S103	UNSUPPORTED					
S104	UNSUPPORTED					
S105	UNSURE					
S106	UNSUPPORTED					
S107	UNSUPPORTED					
S108	UNSUPPORTED					
S109	UNSUPPORTED					
S110	UNSUPPORTED					
S111	UNSUPPORTED					
S112	UNSUPPORTED					
S113	UNSUPPORTED					
S114	UNSUPPORTED					
S115	UNSUPPORTED					
S116	UNSUPPORTED					
S117	UNSUPPORTED					
S118	UNSUPPORTED					
S119	UNSUPPORTED					
S120	UNSURE					
S121	UNSUPPORTED					
S122	UNSUPPORTED					
S123	UNSUPPORTED					
S124	UNSUPPORTED					
S125	UNSUPPORTED					
S126	UNSUPPORTED					
S127	UNSUPPORTED					
S128	UNSUPPORTED					
S129	UNSUPPORTED					
S130	UNSUPPORTED					
S131	UNSUPPORTED					
S132	UNSUPPORTED					
S133	UNSUPPORTED					
S134	UNSUPPORTED					
S135	UNSUPPORTED					
S136	UNSUPPORTED					
S137	UNSUPPORTED					
S138	UNSURE					
S139	UNSUPPORTED					
S140	UNSURE					
S141	UNSUPPORTED					
S142	UNSUPPORTED					
S143	UNSUPPORTED					
S144	UNSUPPORTED					
S145	UNSUPPORTED					
S146	UNSURE					
S147	UNSUPPORTED					
S148	UNSUPPORTED					
S149	UNSUPPORTED					
S150	UNSUPPORTED					
S151	UNSUPPORTED					
S152	supported					
S153	UNSUPPORTED					
S154	UNSUPPORTED					
S155	UNSUPPORTED					
S156	UNSUPPORTED					
S157	supported					
S158	UNSUPPORTED					
S159	UNSUPPORTED					
S160	UNSUPPORTED					
S161	UNSUPPORTED					
S162	UNSUPPORTED					
S163	UNSUPPORTED					
S164	UNSURE					
S165	UNSUPPORTED					
S166	UNSUPPORTED					
S167	UNSUPPORTED					
S168	UNSURE					
S169	UNSUPPORTED					
S170	UNSUPPORTED					
S171	UNSUPPORTED					
S172	UNSUPPORTED					
S173	UNSUPPORTED					
S174	UNSURE					
S175	UNSUPPORTED					
S176	SUUPORTED					
S177	UNSURE					
S178	UNSUPPORTED					
S179	UNSUPPORTED					
S180	UNSUPPORTED					
S181	UNSURE					
S182	UNSUPPORTED					
S183	UNSUPPORTED					
S184	UNSUPPORTED					
S185	UNSURE					
S186	UNSUPPORTED					
S187	UNSUPPORTED					
S188	UNSUPPORTED					
S189	UNSUPPORTED					
S190	UNSUPPORTED					
S191	UNSUPPORTED					
S192	UNSUPPORTED					
S193	UNSUPPORTED					
S194	UNSUPPORTED					
S195	UNSUPPORTED					
S196	UNSUPPORTED					
S197	UNSURE					
S198	UNSURE					
S199	UNSUPPORTED					
S200	UNSUPPORTED					
S201	UNSURE					
S202	UNSUPPORTED					
S203	UNSUPPORTED					
S204	UNSUPPORTED					
S205	UNSURE					
S206	UNSUPPORTED					
S207	UNSUPPORTED					
S208	UNSUPPORTED					
S209	UNSUPPORTED					
S210	UNSUPPORTED					
S211	UNSUPPORTED					
S212	UNSUPPORTED					
S213	UNSUPPORTED					
S214	UNSUPPORTED					
S215	UNSUPPORTED					
S216	UNSUPPORTED					
S217	UNSURE					
S218	UNSUPPORTED					
S219	UNSUPPORTED					
S220	UNSUPPORTED					
S221	UNSUPPORTED					
S222	UNSUPPORTED					
S223	UNSUPPORTED					
S224	UNSUPPORTED					
S225	UNSUPPORTED					
S226	UNSUPPORTED					
S227	UNSUPPORTED					
S228	UNSUPPORTED					
S229	UNSUPPORTED					
S230	UNSUPPORTED					
S231	UNSUPPORTED					
S232	UNSUPPORTED					
S233	UNSUPPORTED					
S234	UNSUPPORTED					
S235	UNSURE					
S236	UNSUPPORTED					
S237	UNSURE					
S238	UNSUPPORTED					
S239	UNSUPPORTED					
S240	UNSURE					
S241	UNSUPPORTED					
S242	UNSUPPORTED					
S243	UNSUPPORTED					
S244	UNSUPPORTED					
S245	UNSUPPORTED					
S246	UNSUPPORTED					
S247	UNSUPPORTED					
S248	UNSUPPORTED					
S249	UNSUPPORTED					
S250	UNSUPPORTED					
S251	UNSUPPORTED					
S252	UNSUPPORTED					
S253	UNSUPPORTED					
S254	UNSUPPORTED					
S255	UNSUPPORTED					
S256	UNSUPPORTED					
S257	UNSUPPORTED					
S258	UNSUPPORTED					
S259	UNSUPPORTED					
S260	UNSUPPORTED					
S261	UNSUPPORTED					
S262	UNSUPPORTED					
S263	UNSUPPORTED					
S264	UNSURE					
S265	UNSUPPORTED					
S266	UNSUPPORTED					
S267	UNSUPPORTED					
S268	UNSUPPORTED					
S269	UNSUPPORTED					
S270	UNSUPPORTED					
S271	UNSUPPORTED					
S272	UNSURE					
S273	UNSUPPORTED					
S274	UNSUPPORTED					
S275	UNSUPPORTED					
S276	UNSUPPORTED					
S277	UNSUPPORTED					
S278	UNSUPPORTED					
S279	UNSUPPORTED					
S280	UNSUPPORTED					
S281	UNSUPPORTED					
S282	UNSUPPORTED					
S283	UNSUPPORTED					
S284	UNSUPPORTED					
S285	UNSUPPORTED					
S286	UNSUPPORTED					
S287	UNSUPPORTED					
S288	UNSUPPORTED					
S289	UNSUPPORTED					
S290	UNSUPPORTED					
S291	UNSUPPORTED					
S292	UNSUPPORTED					
S293	UNSUPPORTED					
S294	UNSUPPORTED					
S295	UNSUPPORTED					
S296	UNSUPPORTED					
S297	UNSUPPORTED					
S298	UNSUPPORTED					
S299	UNSUPPORTED					
S300	UNSUPPORTED					
S301	UNSUPPORTED					
S302	UNSUPPORTED					
S303	UNSUPPORTED					
S304	UNSUPPORTED					
S305	UNSUPPORTED					
S306	UNSUPPORTED					
S307	UNSUPPORTED					
S308	UNSUPPORTED					
S309	UNSUPPORTED					
S310	UNSUPPORTED					
S311	UNSUPPORTED					
S312	UNSUPPORTED					
S313	UNSUPPORTED					
S314	UNSUPPORTED					
S315	UNSUPPORTED					
S316	UNSUPPORTED					
S317	UNSUPPORTED					
S318	UNSUPPORTED					
S319	UNSUPPORTED					
S320	UNSUPPORTED					
S321	UNSUPPORTED					
S322	UNSUPPORTED					
S323	UNSUPPORTED					
S324	UNSUPPORTED					
S325	UNSUPPORTED					
S326	UNSUPPORTED					
S327	UNSUPPORTED					
S328	UNSUPPORTED					
S329	UNSUPPORTED					
S330	UNSUPPORTED					
S331	UNSURE					
S332	UNSUPPORTED					
S333	UNSUPPORTED					
S334	UNSUPPORTED					
S335	UNSUPPORTED					
S336	UNSUPPORTED					
S337	UNSUPPORTED					
S338	UNSUPPORTED					
S339	UNSUPPORTED					
S340	UNSUPPORTED					
S341	UNSUPPORTED					
S342	UNSUPPORTED					
S343	UNSUPPORTED					
S344	UNSUPPORTED					
S345	UNSUPPORTED					
S346	UNSUPPORTED					
S347	UNSUPPORTED					
S348	UNSUPPORTED					
S349	UNSUPPORTED					
S350	UNSUPPORTED					
S351	UNSUPPORTED					
S352	UNSUPPORTED					
S353	UNSUPPORTED					
S354	UNSUPPORTED					
S355	UNSUPPORTED					
S356	UNSUPPORTED					
S357	UNSUPPORTED					
S358	UNSUPPORTED					
S359	UNSUPPORTED					
S360	UNSUPPORTED					
S361	UNSUPPORTED					
S362	UNSUPPORTED					
S363	UNSUPPORTED					
S364	UNSUPPORTED					
S365	UNSUPPORTED					
S366	UNSUPPORTED					
S367	UNSUPPORTED					
S368	UNSUPPORTED					
S369	UNSUPPORTED					
S370	UNSUPPORTED					
S371	UNSUPPORTED					
S372	UNSUPPORTED					
S373	UNSUPPORTED					
S374	UNSUPPORTED					
S375	UNSUPPORTED					
S376	UNSUPPORTED					
S377	UNSUPPORTED					
S378	UNSUPPORTED					
S379	UNSUPPORTED					
S380	UNSUPPORTED					
S381	UNSUPPORTED					
S382	UNSUPPORTED					
S383	UNSUPPORTED					
S384	UNSUPPORTED					
S385	UNSUPPORTED					
S386	UNSUPPORTED					
S387	UNSUPPORTED					
S388	UNSUPPORTED					
S389	UNSUPPORTED					
S390	UNSUPPORTED					
S391	UNSUPPORTED					
S392	UNSUPPORTED					
S393	UNSUPPORTED					
S394	UNSUPPORTED					
S395	UNSUPPORTED					
S396	UNSUPPORTED					
S397	UNSUPPORTED					
S398	UNSUPPORTED					
S399	UNSUPPORTED					
S400	UNSUPPORTED					
